City_ID,City,Country,Date,Lat,Lng,Max Temp,Humidity,Cloudiness,Wind Speed
0,Conde,BR,2021-06-23 15:54:09,-7.2597,-34.9075,83.66,58,75,13.8
1,Conde,BR,2021-06-23 15:54:09,-7.2597,-34.9075,83.66,58,75,13.8
2,Rikitea,PF,2021-06-23 16:01:24,-23.1203,-134.9692,75.52,73,17,10.87
3,Hermanus,ZA,2021-06-23 15:59:01,-34.4187,19.2345,54.9,71,96,7.63
4,Bengkulu,ID,2021-06-23 16:01:26,-3.8004,102.2655,75.51,90,100,5.32
5,Busselton,AU,2021-06-23 16:01:28,-33.65,115.3333,50.04,79,42,6.55
6,Fuerte Olimpo,PY,2021-06-23 16:01:29,-21.0415,-57.8738,91.45,35,78,14.2
7,San Quintin,MX,2021-06-23 16:01:29,30.4833,-115.95,67.57,83,55,8.41
8,Ipameri,BR,2021-06-23 16:01:30,-17.7219,-48.1597,85.24,29,6,7.81
9,Kruisfontein,ZA,2021-06-23 16:01:31,-34.0033,24.7314,58.89,80,44,13.2
10,Georgetown,MY,2021-06-23 16:01:32,5.4112,100.3354,82.89,81,20,0.0
11,Salalah,OM,2021-06-23 16:01:33,17.0151,54.0924,80.13,81,64,6.98
12,Arraial Do Cabo,BR,2021-06-23 16:01:34,-22.9661,-42.0278,71.26,68,60,11.65
13,Albany,US,2021-06-23 16:01:35,42.6001,-73.9662,69.73,46,1,9.62
14,Mar Del Plata,AR,2021-06-23 16:00:29,-38.0023,-57.5575,57.99,59,87,11.01
15,Thompson,CA,2021-06-23 16:01:36,55.7435,-97.8558,62.64,52,80,13.0
16,Jamestown,US,2021-06-23 16:01:36,42.097,-79.2353,68.29,48,38,1.99
17,Barrow,US,2021-06-23 16:01:37,71.2906,-156.7887,41.02,81,75,4.61
18,Hithadhoo,MV,2021-06-23 16:01:37,-0.6,73.0833,82.74,72,54,14.38
19,La Asuncion,VE,2021-06-23 16:01:38,11.0333,-63.8628,76.73,100,100,11.5
20,Santa Fe,AR,2021-06-23 16:01:38,-31.6333,-60.7,59.0,94,92,4.0
21,Isangel,VU,2021-06-23 16:01:39,-19.55,169.2667,70.02,69,18,15.9
22,Diffa,NE,2021-06-23 16:01:40,13.3154,12.6113,98.44,25,84,5.55
23,Tuktoyaktuk,CA,2021-06-23 16:01:40,69.4541,-133.0374,38.59,85,80,4.21
24,Qaanaaq,GL,2021-06-23 16:01:41,77.484,-69.3632,47.17,45,100,8.77
25,Te Anau,NZ,2021-06-23 16:01:42,-45.4167,167.7167,43.5,92,100,4.47
26,Hilo,US,2021-06-23 16:01:42,19.7297,-155.09,71.26,84,85,3.0
27,Sobolevo,RU,2021-06-23 16:01:43,54.4299,31.8996,84.67,69,71,3.71
28,Oistins,BB,2021-06-23 16:01:43,13.0667,-59.5333,82.53,65,95,15.12
29,Tasiilaq,GL,2021-06-23 16:01:44,65.6145,-37.6368,44.76,73,94,2.21
30,Punta Arenas,CL,2021-06-23 16:01:44,-53.15,-70.9167,39.11,86,93,0.36
31,Ushuaia,AR,2021-06-23 15:58:08,-54.8,-68.3,37.06,87,75,2.3
32,Kaminskiy,RU,2021-06-23 16:01:45,57.1516,41.4732,84.02,63,13,1.23
33,Yerbogachen,RU,2021-06-23 16:01:45,61.2767,108.0108,61.16,92,100,4.0
34,Alofi,NU,2021-06-23 16:01:47,-19.0595,-169.9187,75.69,71,94,13.06
35,Partenit,UA,2021-06-23 16:01:50,44.578,34.3446,73.4,86,100,3.4
36,Hambantota,LK,2021-06-23 16:01:51,6.1241,81.1185,82.74,89,20,8.05
37,Bom Jesus,BR,2021-06-23 16:01:52,-9.0744,-44.3586,91.53,32,38,7.2
38,Mataura,NZ,2021-06-23 16:01:55,-46.1927,168.8643,42.48,96,100,3.22
39,Baker City,US,2021-06-23 16:01:56,44.7749,-117.8344,72.82,45,1,2.04
40,Atuona,PF,2021-06-23 16:01:58,-9.8,-139.0333,78.15,78,23,11.36
41,Esmeralda,CU,2021-06-23 16:01:59,21.8525,-78.1169,88.18,58,30,10.71
42,Fortuna,US,2021-06-23 16:02:00,40.5982,-124.1573,56.66,92,90,0.0
43,Avarua,CK,2021-06-23 16:01:15,-21.2078,-159.775,73.89,68,100,3.76
44,Basco,PH,2021-06-23 16:02:02,20.4487,121.9702,78.39,87,100,14.54
45,Namwala,ZM,2021-06-23 16:02:03,-15.7504,26.4384,68.25,36,19,3.44
46,Puerto Ayora,EC,2021-06-23 16:02:07,-0.7393,-90.3518,73.54,89,84,5.01
47,Yellowknife,CA,2021-06-23 16:00:25,62.456,-114.3525,48.56,61,30,10.0
48,Chabahar,IR,2021-06-23 16:01:40,25.2919,60.643,85.87,74,1,9.31
49,New Norfolk,AU,2021-06-23 16:02:23,-42.7826,147.0587,51.75,84,94,2.06
50,Talnakh,RU,2021-06-23 16:02:26,69.4865,88.3972,50.18,69,60,4.7
51,Tambopata,PE,2021-06-23 16:02:28,-12.7333,-69.1833,85.42,51,38,4.7
52,Vaini,TO,2021-06-23 16:02:29,-21.2,-175.2,68.47,83,100,26.42
53,Bluff,NZ,2021-06-23 16:01:17,-46.6,168.3333,42.8,82,100,14.5
54,Ponta Do Sol,PT,2021-06-23 16:02:31,32.6667,-17.1,72.23,68,15,4.92
55,Yulara,AU,2021-06-23 16:02:32,-25.2406,130.9889,44.96,58,0,6.73
56,Cimislia,MD,2021-06-23 16:02:32,46.52,28.7842,87.94,55,9,6.62
57,Padang,ID,2021-06-23 16:01:22,-0.9492,100.3543,73.45,82,39,5.14
58,Laguna,US,2021-06-23 16:02:34,38.421,-121.4238,74.14,66,1,5.01
59,Mahebourg,MU,2021-06-23 16:02:39,-20.4081,57.7,68.25,60,3,15.93
60,Los Llanos De Aridane,ES,2021-06-23 16:02:46,28.6585,-17.9182,71.35,70,75,14.97
61,Saint George,US,2021-06-23 16:02:52,37.1041,-113.5841,93.67,18,1,4.0
62,Cape Town,ZA,2021-06-23 15:59:26,-33.9258,18.4232,59.11,83,75,1.01
63,Hohhot,CN,2021-06-23 16:01:31,40.8106,111.6522,68.7,70,100,3.13
64,Egvekinot,RU,2021-06-23 16:00:34,66.3167,-179.1667,46.29,65,5,6.58
65,Road Town,VG,2021-06-23 16:02:56,18.4167,-64.6167,84.2,76,37,18.63
66,Adrar,MR,2021-06-23 16:03:00,20.5022,-10.0711,104.56,9,24,15.32
67,Norman Wells,CA,2021-06-23 16:03:01,65.282,-126.8329,65.41,47,82,5.59
68,Bonthe,SL,2021-06-23 16:03:03,7.5264,-12.505,83.23,73,99,7.58
69,Kabompo,ZM,2021-06-23 16:03:08,-13.5927,24.2008,68.23,35,32,0.43
70,Asosa,ET,2021-06-23 16:03:09,10.0667,34.5333,63.68,88,32,3.0
71,Xining,CN,2021-06-23 16:01:35,36.6167,101.7667,65.53,55,99,5.3
72,Sao Mateus,BR,2021-06-23 16:03:11,-18.7161,-39.8589,81.05,46,20,12.12
73,Manzanillo,CU,2021-06-23 16:03:12,20.3433,-77.1167,85.95,67,76,4.9
74,Hovd,MN,2021-06-23 16:03:13,48.0056,91.6419,57.42,24,4,12.19
75,Kashi,CN,2021-06-23 16:03:14,39.4547,75.9797,79.11,17,6,9.26
76,Timmins,CA,2021-06-23 16:03:14,48.4669,-81.3331,53.06,68,88,8.77
77,Hasaki,JP,2021-06-23 16:03:17,35.7333,140.8333,66.6,78,79,8.68
78,Tocopilla,CL,2021-06-23 16:03:17,-22.092,-70.1979,63.5,63,24,4.99
79,Lazurne,UA,2021-06-23 16:03:19,46.084,32.5295,79.25,78,82,10.89
80,Port Alfred,ZA,2021-06-23 16:03:22,-33.5906,26.891,62.33,78,11,12.55
81,Nikolskoye,RU,2021-06-23 16:03:23,59.7035,30.7861,93.09,36,45,10.42
82,Praia,CV,2021-06-23 16:03:24,14.9215,-23.5087,82.94,57,75,18.41
83,Roma,US,2021-06-23 16:01:29,43.2128,-75.4557,67.86,53,40,5.75
84,Kodiak,US,2021-06-23 16:03:32,57.79,-152.4072,49.51,87,90,31.07
85,Dikson,RU,2021-06-23 16:03:33,73.5069,80.5464,34.21,92,88,6.6
86,Mount Gambier,AU,2021-06-23 16:03:34,-37.8333,140.7667,44.4,94,12,7.2
87,Khatanga,RU,2021-06-23 16:03:35,71.9667,102.5,54.55,46,87,14.52
88,Nome,US,2021-06-23 16:02:11,64.5011,-165.4064,54.16,93,100,3.6
89,Mount Darwin,ZW,2021-06-23 16:03:36,-16.7725,31.5838,63.99,43,17,3.94
90,Bethel,US,2021-06-23 16:03:37,41.3712,-73.414,71.49,51,1,1.99
91,Lorengau,PG,2021-06-23 16:03:41,-2.0226,147.2712,81.16,78,77,4.83
92,Sorong,ID,2021-06-23 16:03:42,-0.8833,131.25,78.15,87,78,8.63
93,Honiara,SB,2021-06-23 16:03:42,-9.4333,159.95,77.31,90,31,4.27
94,Maceio,BR,2021-06-23 16:00:49,-9.6658,-35.7353,78.24,83,75,5.75
95,Castro,BR,2021-06-23 16:03:44,-24.7911,-50.0119,60.85,70,50,10.04
96,Necochea,AR,2021-06-23 16:03:07,-38.5473,-58.7368,56.03,80,100,15.95
97,Binzhou,CN,2021-06-23 16:03:46,37.3667,118.0167,75.54,64,100,7.36
98,Hobart,AU,2021-06-23 16:01:52,-42.8794,147.3294,52.11,87,84,1.01
99,Shingu,JP,2021-06-23 16:03:47,33.7333,135.9833,69.91,91,0,3.94
100,Port Lincoln,AU,2021-06-23 16:03:50,-34.7333,135.8667,56.14,77,99,26.4
101,Motala,SE,2021-06-23 16:03:50,58.5371,15.0365,67.78,72,64,4.7
102,Butaritari,KI,2021-06-23 16:03:52,3.0707,172.7902,84.4,64,97,10.85
103,Tiksi,RU,2021-06-23 16:03:54,71.6872,128.8694,36.72,84,64,17.45
104,Katobu,ID,2021-06-23 16:03:55,-4.9408,122.5276,74.55,92,32,2.66
105,Coahuayana,MX,2021-06-23 16:03:56,18.7333,-103.6833,83.68,71,99,0.49
106,Paignton,GB,2021-06-23 16:03:56,50.4357,-3.5679,70.05,58,65,8.01
107,Chokurdakh,RU,2021-06-23 16:03:57,70.6333,147.9167,66.58,40,8,7.02
108,Saint-Augustin,CA,2021-06-23 16:03:58,51.226,-58.6502,57.25,98,100,6.44
109,Vestmanna,FO,2021-06-23 16:03:59,62.1564,-7.1664,47.32,87,90,8.05
110,Atar,MR,2021-06-23 16:04:00,20.5169,-13.0499,106.52,9,73,16.98
111,Kapaa,US,2021-06-23 16:04:00,22.0752,-159.319,71.58,100,69,7.18
112,Mushie,CD,2021-06-23 16:04:01,-3.0167,16.9,84.99,49,78,3.31
113,Esperance,AU,2021-06-23 16:04:01,-33.8667,121.9,55.72,76,100,15.82
114,Salina,US,2021-06-23 16:04:02,38.8403,-97.6114,82.02,63,75,5.99
115,Fairbanks,US,2021-06-23 16:04:03,64.8378,-147.7164,66.54,72,40,6.91
116,Hofn,IS,2021-06-23 16:04:03,64.2539,-15.2082,50.43,67,64,4.18
117,Grindavik,IS,2021-06-23 16:04:04,63.8424,-22.4338,54.07,62,0,19.57
118,Kloulklubed,PW,2021-06-23 16:04:05,7.0419,134.2556,75.7,68,87,3.85
119,Liverpool,GB,2021-06-23 16:03:05,53.4106,-2.9779,61.34,81,90,1.01
120,Lasa,IT,2021-06-23 16:04:06,46.6166,10.7002,80.51,58,91,7.99
121,Staryy Oskol,RU,2021-06-23 16:02:25,51.2967,37.8417,81.48,71,99,3.85
122,Granger,US,2021-06-23 16:02:07,41.7481,-86.1257,69.75,67,75,16.11
123,Klaksvik,FO,2021-06-23 16:04:08,62.2266,-6.589,49.12,83,43,13.18
124,East London,ZA,2021-06-23 16:00:31,-33.0153,27.9116,66.45,68,70,11.32
125,Washington,US,2021-06-23 16:00:14,47.5001,-120.5015,77.58,41,100,4.7
126,Husavik,IS,2021-06-23 16:03:40,66.0449,-17.3389,42.1,90,100,12.84
127,Carnarvon,AU,2021-06-23 16:04:11,-24.8667,113.6333,60.93,50,1,15.99
128,Ixtapa,MX,2021-06-23 16:04:12,20.7,-105.2,79.23,94,90,0.0
129,Ambilobe,MG,2021-06-23 16:04:12,-13.2,49.05,69.8,66,2,3.71
130,Rio Gallegos,AR,2021-06-23 16:04:14,-51.6226,-69.2181,36.59,65,2,2.1
131,Lebu,CL,2021-06-23 16:04:15,-37.6167,-73.65,52.95,75,70,3.13
132,Saskylakh,RU,2021-06-23 16:01:13,71.9167,114.0833,46.72,46,43,12.17
133,Hualmay,PE,2021-06-23 16:04:16,-11.0964,-77.6139,67.41,72,31,13.06
134,Roebourne,AU,2021-06-23 16:04:17,-20.7833,117.1333,60.6,36,40,12.95
135,Corinto,GR,2021-06-23 16:01:43,37.9407,22.9573,97.0,44,0,3.71
136,Strezhevoy,RU,2021-06-23 16:04:18,60.7333,77.5889,53.58,64,86,4.9
137,Taungdwingyi,MM,2021-06-23 16:04:18,20.0167,95.55,76.96,88,99,10.31
138,Kimbe,PG,2021-06-23 16:04:19,-5.5502,150.1429,74.91,89,93,4.25
139,Saint-Philippe,RE,2021-06-23 16:04:20,-21.3585,55.7679,69.39,71,43,12.82
140,Yasothon,TH,2021-06-23 16:03:27,15.75,104.1333,87.04,65,100,9.98
141,Port Keats,AU,2021-06-23 16:04:21,-14.25,129.55,73.6,78,100,2.93
142,Santiago,CL,2021-06-23 15:59:27,-33.4569,-70.6483,57.16,72,90,0.0
143,Ahipara,NZ,2021-06-23 16:04:22,-35.1667,173.1667,47.84,82,15,3.0
144,Gari,RU,2021-06-23 16:04:23,59.4307,62.3497,58.05,56,5,3.47
145,Kuching,MY,2021-06-23 16:04:23,1.55,110.3333,77.22,94,20,1.14
146,Deputatskiy,RU,2021-06-23 16:04:24,69.3,139.9,53.33,59,2,2.19
147,Pindiga,NG,2021-06-23 16:04:25,9.9833,10.9333,85.68,48,46,6.96
148,San Cristobal,VE,2021-06-23 16:02:38,7.7669,-72.225,82.6,43,16,7.0
149,Omsukchan,RU,2021-06-23 16:04:26,62.5333,155.8,45.14,78,100,2.48
150,Saldanha,ZA,2021-06-23 16:04:27,-33.0117,17.9442,57.72,77,100,9.44
151,Sibolga,ID,2021-06-23 16:04:27,1.7427,98.7792,75.72,84,74,3.71
152,Coari,BR,2021-06-23 16:04:28,-4.085,-63.1414,88.3,54,67,1.95
153,Kieta,PG,2021-06-23 16:04:28,-6.2167,155.6333,78.26,86,100,6.85
154,Tombouctou,ML,2021-06-23 16:04:29,20.0,-3.0,109.63,9,6,2.84
155,Porosozero,RU,2021-06-23 16:02:11,62.7191,32.727,69.22,88,95,6.89
156,Juazeiro,BR,2021-06-23 16:04:31,-9.4117,-40.4986,84.38,54,40,9.22
157,Berlevag,NO,2021-06-23 16:04:31,70.8578,29.0864,51.6,71,75,20.71
158,College,US,2021-06-23 16:04:32,64.8569,-147.8028,66.65,72,40,6.91
159,Oktyabrskiy,RU,2021-06-23 16:04:32,54.4815,53.471,66.58,86,98,3.56
160,Kavaratti,IN,2021-06-23 16:04:33,10.5669,72.642,83.05,76,100,18.34
161,Bolshaya Sosnova,RU,2021-06-23 16:04:34,57.6713,54.6029,69.94,75,22,4.61
162,Shakawe,BW,2021-06-23 16:02:36,-18.3667,21.85,65.57,31,0,3.74
163,Tuatapere,NZ,2021-06-23 16:04:35,-46.1333,167.6833,42.82,91,100,5.61
164,Gainesville,US,2021-06-23 16:04:36,29.6516,-82.3248,86.79,76,20,1.01
165,Hamilton,US,2021-06-23 16:01:20,39.1834,-84.5333,74.73,46,92,1.01
166,Mayor Pablo Lagerenza,PY,2021-06-23 16:04:37,-19.9309,-60.7718,89.82,35,49,20.29
167,Torbay,CA,2021-06-23 16:04:38,47.6666,-52.7314,74.88,87,80,17.85
168,Karratha,AU,2021-06-23 16:04:38,-20.7377,116.8463,60.39,36,47,11.86
169,Marmande,FR,2021-06-23 16:00:08,44.5,0.1667,70.88,82,96,7.78
170,Villa San Giovanni,IT,2021-06-23 16:04:40,38.2276,15.6386,94.6,42,69,1.01
171,Areni,AM,2021-06-23 16:04:41,39.7191,45.1799,91.76,31,1,10.49
172,Mantua,IT,2021-06-23 16:02:08,45.1667,10.7833,91.71,50,83,1.01
173,Warrington,GB,2021-06-23 16:01:37,53.3925,-2.5802,61.52,84,90,1.99
174,Cherskiy,RU,2021-06-23 16:04:43,68.75,161.3,49.64,53,83,6.71
175,Ancud,CL,2021-06-23 16:04:43,-41.8697,-73.8203,47.43,85,43,8.75
176,Ribeira Grande,PT,2021-06-23 16:03:56,38.5167,-28.7,70.2,64,75,6.91
177,Itaituba,BR,2021-06-23 16:04:46,-4.2761,-55.9836,94.06,38,57,4.27
178,Pevek,RU,2021-06-23 16:04:47,69.7008,170.3133,37.67,77,16,4.59
179,Zrenjanin,RS,2021-06-23 16:04:48,45.3836,20.3819,97.95,33,0,6.91
180,Bondo,CD,2021-06-23 16:04:49,3.8146,23.6866,71.71,95,100,0.54
181,Iturama,BR,2021-06-23 16:04:49,-19.7281,-50.1956,85.32,33,37,7.96
182,Souillac,MU,2021-06-23 16:04:50,-20.5167,57.5167,68.36,62,2,15.03
183,Chuy,UY,2021-06-23 16:04:51,-33.6971,-53.4616,61.99,77,65,16.96
184,Geraldton,AU,2021-06-23 16:04:52,-28.7667,114.6,46.81,87,17,5.75
185,Sao Filipe,CV,2021-06-23 16:04:53,14.8961,-24.4956,76.28,72,22,11.36
186,Bridlington,GB,2021-06-23 16:00:45,54.0831,-0.1919,71.78,73,49,6.85
187,Urucui,BR,2021-06-23 16:04:55,-7.2294,-44.5561,94.53,30,15,8.72
188,Dusti,TJ,2021-06-23 16:04:56,37.3481,68.664,83.12,13,0,4.79
189,Takoradi,GH,2021-06-23 16:03:14,4.8845,-1.7554,79.21,80,79,9.73
190,Tura,IN,2021-06-23 16:04:57,25.5198,90.2201,74.97,95,93,6.08
191,Srednekolymsk,RU,2021-06-23 16:04:58,67.45,153.6833,57.99,69,82,3.06
192,Cedar City,US,2021-06-23 16:04:55,37.6775,-113.0619,79.39,22,1,16.11
193,Ilulissat,GL,2021-06-23 16:04:59,69.2167,-51.1,53.62,62,75,18.41
194,Zhigansk,RU,2021-06-23 16:05:00,66.7697,123.3711,62.82,80,100,7.74
195,Leningradskiy,RU,2021-06-23 16:05:00,69.3833,178.4167,40.71,74,6,5.64
196,Misratah,LY,2021-06-23 16:05:01,32.3754,15.0925,92.79,38,0,16.37
197,Umm Lajj,SA,2021-06-23 16:05:02,25.0213,37.2685,86.68,58,9,11.95
198,Broome,US,2021-06-23 16:05:02,42.2506,-75.833,68.45,56,75,1.99
199,Labuhan,ID,2021-06-23 16:05:03,-6.8844,112.2051,78.26,86,63,6.22
200,Lagoa,PT,2021-06-23 16:05:04,39.05,-27.9833,67.05,72,75,8.7
201,Namibe,AO,2021-06-23 16:05:04,-15.1961,12.1522,70.3,79,2,8.7
202,Kaitangata,NZ,2021-06-23 16:05:05,-46.2817,169.8464,44.92,81,100,7.72
203,Aitape,PG,2021-06-23 16:05:05,-3.1374,142.3475,77.05,88,29,3.91
204,Sosnovo-Ozerskoye,RU,2021-06-23 16:05:06,52.5249,111.5418,59.07,78,50,3.2
205,Bara,NG,2021-06-23 16:05:07,10.3744,10.7288,88.41,47,48,6.49
206,Vyazemskiy,RU,2021-06-23 16:05:07,47.5378,134.7525,62.31,63,38,3.96
207,Kattivakkam,IN,2021-06-23 16:05:09,13.2167,80.3167,87.89,80,100,17.02
208,Malyye Derbety,RU,2021-06-23 16:05:09,47.9547,44.6808,93.88,21,1,10.02
209,Lamar,US,2021-06-23 16:05:10,33.6668,-95.5836,85.64,78,90,8.59
210,Praia Da Vitoria,PT,2021-06-23 16:05:10,38.7333,-27.0667,69.76,75,78,2.77
211,Bredasdorp,ZA,2021-06-23 16:01:25,-34.5322,20.0403,53.28,76,92,7.47
212,Pangnirtung,CA,2021-06-23 16:05:12,66.1451,-65.7125,41.0,70,90,18.41
213,Mugla,TR,2021-06-23 16:00:41,37.2303,28.3557,81.27,30,16,9.78
214,Mildura,AU,2021-06-23 16:05:13,-34.2,142.15,54.07,100,75,8.05
215,Wladyslawowo,PL,2021-06-23 16:02:25,54.7909,18.4009,69.35,75,27,13.98
216,Luanda,AO,2021-06-23 16:01:50,-8.8368,13.2343,77.0,78,20,10.36
217,Faanui,PF,2021-06-23 16:05:16,-16.4833,-151.75,80.02,75,16,11.72
218,Kholodnyy,RU,2021-06-23 16:05:16,62.7167,147.95,50.13,64,90,5.28
219,Hermiston,US,2021-06-23 16:05:17,45.8404,-119.2895,84.42,44,1,3.0
220,Port Elizabeth,ZA,2021-06-23 16:02:46,-33.918,25.5701,61.11,76,15,16.6
221,Severo-Kurilsk,RU,2021-06-23 16:05:18,50.6789,156.125,43.18,92,14,5.5
222,Douglas,US,2021-06-23 16:05:18,41.3,-96.167,82.54,60,1,7.0
223,Milkovo,RU,2021-06-23 16:05:19,54.7167,158.6167,49.8,91,91,2.01
224,Lashio,MM,2021-06-23 16:05:19,22.9333,97.75,70.56,97,100,1.99
225,Ulaangom,MN,2021-06-23 16:05:20,49.9811,92.0667,57.06,47,36,9.33
226,Selikhino,RU,2021-06-23 16:05:21,50.3672,137.4996,59.63,96,70,2.26
227,Pacific Grove,US,2021-06-23 16:05:21,36.6177,-121.9166,67.24,79,90,3.0
228,Adand,HU,2021-06-23 16:05:22,46.8593,18.1644,88.84,38,0,3.8
229,Cayenne,GF,2021-06-23 16:01:35,4.9333,-52.3333,81.09,80,90,1.99
230,Longyearbyen,SJ,2021-06-23 16:05:26,78.2186,15.6401,39.04,75,75,13.8
231,Tahta,EG,2021-06-23 16:05:26,26.7693,31.5021,99.18,15,0,18.19
232,Vanimo,PG,2021-06-23 16:05:27,-2.6741,141.3028,77.85,89,33,3.8
233,Harer,ET,2021-06-23 16:05:28,9.3094,42.1258,63.07,69,83,9.66
234,Staroaleyskoye,RU,2021-06-23 16:05:29,51.0061,82.0,59.41,54,100,21.99
235,Slave Lake,CA,2021-06-23 16:05:30,55.2834,-114.769,58.98,77,75,11.5
236,Matamoros,MX,2021-06-23 16:02:01,25.5333,-103.25,81.1,50,62,3.38
237,Kununurra,AU,2021-06-23 16:05:31,-15.7667,128.7333,76.98,61,90,8.05
238,Acarau,BR,2021-06-23 16:05:32,-2.8856,-40.12,86.72,55,3,14.83
239,Yar-Sale,RU,2021-06-23 16:05:32,66.8333,70.8333,43.79,74,87,3.2
240,Teahupoo,PF,2021-06-23 16:05:33,-17.8333,-149.2667,67.96,75,25,7.43
241,Goderich,CA,2021-06-23 16:05:33,43.7501,-81.7165,71.04,67,6,11.25
242,Inta,RU,2021-06-23 16:05:34,66.0317,60.1659,66.0,55,75,2.66
243,Seddon,AU,2021-06-23 16:05:34,-37.8068,144.8916,56.21,88,90,4.0
244,Narsaq,GL,2021-06-23 16:05:35,60.9167,-46.05,50.22,85,100,6.73
245,La Ronge,CA,2021-06-23 16:05:36,55.1001,-105.2842,62.76,49,28,14.38
246,Bac Lieu,VN,2021-06-23 16:02:51,9.285,105.7244,80.73,78,39,8.19
247,Airai,TL,2021-06-23 16:05:37,-8.9266,125.4092,59.83,96,86,1.39
248,Vila Velha,BR,2021-06-23 16:03:12,-20.3297,-40.2925,78.96,57,18,18.39
249,Opuwo,NA,2021-06-23 16:05:38,-18.0607,13.84,73.13,23,0,7.45
250,Nanortalik,GL,2021-06-23 16:00:39,60.1432,-45.2371,47.5,87,100,18.05
251,Avera,US,2021-06-23 16:05:39,33.194,-82.5271,82.9,57,3,8.03
252,Jumla,NP,2021-06-23 16:05:39,29.2747,82.1838,60.87,92,10,1.52
253,Magdalena,PH,2021-06-23 16:05:40,14.1999,121.429,80.4,91,100,2.04
254,Skjervoy,NO,2021-06-23 16:05:41,70.0311,20.9714,55.58,74,99,2.06
255,Erzin,TR,2021-06-23 16:05:41,36.9559,36.2,81.32,72,0,7.54
256,Gull Lake,CA,2021-06-23 16:05:42,50.1001,-108.4847,69.91,44,79,19.42
257,Aklavik,CA,2021-06-23 16:05:42,68.2191,-135.0107,56.77,50,15,3.36
258,Rey Bouba,CM,2021-06-23 16:05:43,8.6724,14.1786,82.89,59,99,4.16
259,Quatre Cocos,MU,2021-06-23 16:05:44,-20.2078,57.7625,68.09,60,8,15.43
260,Cabedelo,BR,2021-06-23 16:05:46,-6.9811,-34.8339,84.87,64,5,16.22
261,Belaya Gora,RU,2021-06-23 16:05:47,68.5333,146.4167,62.58,47,15,4.21
262,Namatanai,PG,2021-06-23 16:05:47,-3.6667,152.4333,78.82,85,77,4.63
263,Bandrele,YT,2021-06-23 16:05:48,-12.9067,45.1914,74.95,73,0,2.3
264,Chapais,CA,2021-06-23 16:05:49,49.7834,-74.8492,57.18,38,38,8.23
265,Bougouni,ML,2021-06-23 16:05:49,11.417,-7.479,99.09,27,24,4.29
266,Pinega,RU,2021-06-23 16:05:50,64.7001,43.3936,74.66,64,57,12.12
267,Ushtobe,KZ,2021-06-23 16:05:51,45.2514,77.9838,65.77,36,100,2.89
268,Pangody,RU,2021-06-23 16:05:51,65.85,74.4859,38.34,96,100,1.41
269,Najran,SA,2021-06-23 16:05:52,17.4924,44.1277,89.47,9,100,11.39
270,Kirkwall,GB,2021-06-23 16:04:22,58.9848,-2.9587,57.25,82,75,6.91
271,Gimli,CA,2021-06-23 16:05:53,50.6336,-96.9907,80.22,61,81,14.65
272,Maragogi,BR,2021-06-23 16:05:54,-9.0122,-35.2225,80.65,70,44,10.67
273,Quesnel,CA,2021-06-23 16:05:55,52.9999,-122.5029,59.5,72,75,3.44
274,Dakar,SN,2021-06-23 16:02:20,14.6937,-17.4441,86.88,76,85,13.15
275,Peleduy,RU,2021-06-23 16:05:56,59.6289,112.7406,68.47,63,96,3.11
276,Tautira,PF,2021-06-23 16:05:57,-17.7333,-149.15,73.42,74,21,7.11
277,Naze,JP,2021-06-23 16:05:57,28.3667,129.4833,73.22,78,4,7.38
278,Morros,BR,2021-06-23 16:05:58,-9.4467,-46.3003,91.2,30,10,9.44
279,Clyde River,CA,2021-06-23 16:05:58,70.4692,-68.5914,35.83,100,90,8.05
280,Anloga,GH,2021-06-23 16:05:59,5.7947,0.8973,79.68,77,100,11.39
281,Muli,MV,2021-06-23 16:06:00,2.9167,73.5667,82.72,75,78,13.44
282,Togur,RU,2021-06-23 16:06:01,58.3631,82.8265,46.2,81,34,5.84
283,Xuanhua,CN,2021-06-23 16:01:48,40.6103,115.0447,68.95,75,100,3.22
284,Half Moon Bay,US,2021-06-23 16:06:02,37.4636,-122.4286,69.93,71,90,1.01
285,Tabou,CI,2021-06-23 16:06:02,4.423,-7.3528,76.53,90,96,8.43
286,Victoria,HK,2021-06-23 16:04:16,22.2855,114.1577,80.65,89,100,4.0
287,Florianopolis,BR,2021-06-23 16:06:04,-27.6146,-48.5012,68.25,75,75,4.61
288,Dunedin,NZ,2021-06-23 16:06:04,-45.8742,170.5036,44.8,80,100,1.01
289,Guerrero Negro,MX,2021-06-23 16:06:05,27.9769,-114.0611,70.99,71,4,5.32
290,Pangoa,PE,2021-06-23 16:03:15,-12.1167,-73.0,79.57,63,34,1.74
291,Itanhaem,BR,2021-06-23 16:06:06,-24.1831,-46.7889,74.25,79,85,6.53
292,Kidal,ML,2021-06-23 16:06:07,18.4411,1.4078,106.88,8,54,6.51
293,Bathsheba,BB,2021-06-23 16:06:07,13.2167,-59.5167,83.37,64,99,14.23
294,Bilibino,RU,2021-06-23 16:01:50,68.0546,166.4372,57.22,66,14,1.32
295,Zeya,RU,2021-06-23 16:06:08,53.75,127.2667,59.16,95,26,0.89
296,Zyryanka,RU,2021-06-23 16:06:09,65.75,150.85,54.68,70,81,1.97
297,Komsomolskiy,UZ,2021-06-23 16:06:10,40.4272,71.7189,83.62,16,0,6.91
298,Coquimbo,CL,2021-06-23 16:02:03,-29.9533,-71.3436,56.07,69,100,7.31
299,Hobyo,SO,2021-06-23 16:06:11,5.3505,48.5268,78.15,79,99,25.57
300,El Cope,PA,2021-06-23 16:06:12,8.6167,-80.6,78.26,68,99,3.53
301,Berezovyy,RU,2021-06-23 16:06:13,51.6667,135.7,54.12,92,57,2.15
302,Saint-Pierre,RE,2021-06-23 16:06:14,-21.3393,55.4781,69.48,72,0,17.27
303,Marzuq,YE,2021-06-23 16:06:15,14.4,46.4667,82.6,40,99,8.68
304,Manono,CD,2021-06-23 16:06:15,-7.3,27.4167,84.02,33,10,3.29
305,Huarmey,PE,2021-06-23 16:06:17,-10.0681,-78.1522,69.66,70,37,11.48
306,Yalova,TR,2021-06-23 16:06:17,40.655,29.2769,79.54,72,14,2.46
307,Maldonado,UY,2021-06-23 16:02:43,-34.6667,-54.9167,63.23,79,52,17.6
308,Sao Joao Da Barra,BR,2021-06-23 16:06:19,-21.6403,-41.0511,75.29,63,10,15.59
309,Nykoping,SE,2021-06-23 16:04:29,58.753,17.0079,70.72,77,75,6.91
310,Bayeux,BR,2021-06-23 16:06:20,-7.125,-34.9322,84.83,70,40,13.8
311,Garissa,KE,2021-06-23 16:06:21,-0.4536,39.6401,82.92,46,81,19.98
312,Beringovskiy,RU,2021-06-23 16:06:21,63.05,179.3167,43.2,80,97,6.42
313,Vardo,NO,2021-06-23 16:06:22,70.3705,31.1107,51.55,81,20,9.22
314,Owensboro,US,2021-06-23 16:05:23,37.7742,-87.1133,76.17,46,1,5.75
315,Gamba,GA,2021-06-23 16:04:17,-2.65,10.0,75.27,80,100,6.53
316,Kangaatsiaq,GL,2021-06-23 16:06:24,68.3065,-53.4641,41.54,92,100,18.28
317,Taltal,CL,2021-06-23 16:06:24,-25.4,-70.4833,56.84,81,68,4.47
318,Noumea,NC,2021-06-23 16:03:29,-22.2763,166.4572,69.01,99,96,10.45
319,Kamina,CD,2021-06-23 16:06:25,-8.7386,24.9906,74.66,39,35,5.5
320,North Bend,US,2021-06-23 16:06:26,43.4065,-124.2243,61.25,91,90,5.75
321,Luderitz,NA,2021-06-23 16:06:27,-26.6481,15.1594,61.02,71,0,15.1
322,Teya,RU,2021-06-23 16:06:28,60.3778,92.6267,53.69,98,100,0.78
323,Ust-Kulom,RU,2021-06-23 16:06:29,61.6864,53.6902,76.44,60,53,1.99
324,Marawi,PH,2021-06-23 16:06:29,7.9986,124.2928,72.64,94,100,2.15
325,Cockburn Town,TC,2021-06-23 16:06:30,21.4612,-71.1419,80.96,76,100,17.54
326,Oyama,JP,2021-06-23 16:06:30,36.3,139.8,71.04,88,67,3.0
327,Pemangkat,ID,2021-06-23 16:06:31,1.1667,108.9667,80.33,80,94,5.12
328,Tbilisskaya,RU,2021-06-23 16:06:22,45.3633,40.19,82.38,55,28,1.72
329,Nicoya,CR,2021-06-23 16:06:32,10.1483,-85.452,83.75,68,79,4.12
330,Sukhumi,GE,2021-06-23 16:06:28,43.0033,41.0153,74.19,84,5,5.03
331,Matara,LK,2021-06-23 16:06:33,5.9485,80.5353,77.68,88,98,10.04
332,Sao Joao De Pirabas,BR,2021-06-23 16:06:34,-0.7747,-47.1772,85.26,63,23,7.61
333,Vanderhoof,CA,2021-06-23 16:06:35,54.0166,-124.0198,56.43,78,100,3.06
334,Camacha,PT,2021-06-23 16:06:35,33.0833,-16.3333,68.76,56,75,13.8
335,Rocha,UY,2021-06-23 16:02:38,-34.4833,-54.3333,60.58,79,48,15.79
336,Muros,ES,2021-06-23 16:06:37,42.7762,-9.0603,69.67,58,46,15.48
337,Dingle,PH,2021-06-23 16:06:37,10.9995,122.6711,77.45,88,100,3.24
338,Kipini,KE,2021-06-23 16:06:38,-2.5257,40.5262,76.59,82,46,13.09
339,Nadym,RU,2021-06-23 16:06:38,65.5333,72.5167,39.74,87,100,2.51
340,Nova Londrina,BR,2021-06-23 16:06:39,-22.7658,-52.985,76.14,55,12,16.11
341,Quchan,IR,2021-06-23 16:02:15,37.106,58.5095,73.26,19,0,12.53
342,Kibala,TD,2021-06-23 16:06:40,9.1104,18.3463,82.89,58,58,6.62
343,Dangriga,BZ,2021-06-23 16:06:41,16.9692,-88.2321,87.98,78,77,12.15
344,Hailar,CN,2021-06-23 16:06:42,49.2,119.7,62.94,65,38,6.58
345,Mehamn,NO,2021-06-23 16:06:42,71.0357,27.8492,51.98,69,60,13.58
346,Safranbolu,TR,2021-06-23 16:06:43,41.2508,32.6942,73.49,67,41,4.18
347,Touros,BR,2021-06-23 16:06:43,-5.1989,-35.4608,86.9,53,5,17.94
348,Aksarka,RU,2021-06-23 16:06:45,66.5606,67.7975,56.3,46,21,8.3
349,Iralaya,HN,2021-06-23 16:06:45,15.0,-83.2333,84.47,69,17,9.75
350,Iqaluit,CA,2021-06-23 16:06:46,63.7506,-68.5145,38.7,69,94,13.0
351,Ola,RU,2021-06-23 16:05:30,59.5833,151.2833,48.45,89,100,5.37
352,Khani,GE,2021-06-23 16:06:47,41.9563,42.9566,67.57,84,15,4.5
353,Novomykolayivka,UA,2021-06-23 16:06:48,47.9781,35.9102,84.25,60,94,4.29
354,Udachnyy,RU,2021-06-23 16:06:49,66.4167,112.4,65.55,64,62,11.97
355,Nacozari,MX,2021-06-23 16:06:49,25.3366,-108.2574,87.12,58,20,9.04
356,Voi,KE,2021-06-23 16:06:50,-3.3945,38.563,74.3,57,81,13.31
357,Lulea,SE,2021-06-23 16:06:50,65.5842,22.1547,64.47,68,0,5.75
358,Tuy Hoa,VN,2021-06-23 16:06:51,13.0833,109.3,82.08,73,96,7.72
359,Sitka,US,2021-06-23 16:06:51,57.0531,-135.33,53.49,82,75,0.0
360,Ballina,AU,2021-06-23 16:06:52,-28.8667,153.5667,57.78,98,95,7.07
361,Kota Kinabalu,MY,2021-06-23 16:02:39,5.9749,116.0724,80.58,83,20,5.75
362,Alice Springs,AU,2021-06-23 16:06:53,-23.7,133.8833,42.35,100,75,6.91
363,Natal,BR,2021-06-23 16:02:07,-5.795,-35.2094,84.63,53,4,15.73
364,Sept-Iles,CA,2021-06-23 16:06:55,50.2001,-66.3821,63.05,67,83,8.01
365,Sandwick,GB,2021-06-23 16:06:56,60.0,-1.25,55.22,88,75,5.75
366,Lalmohan,BD,2021-06-23 16:06:56,22.3384,90.7419,83.14,81,97,15.03
367,Hendersonville,US,2021-06-23 16:06:57,36.3048,-86.62,78.51,45,3,1.99
368,Lata,PT,2021-06-23 16:06:58,40.1629,-8.3327,79.36,45,0,10.36
369,Katsuura,JP,2021-06-23 16:06:58,35.1333,140.3,71.11,86,81,8.57
370,Kushima,JP,2021-06-23 16:06:59,31.4583,131.2333,69.78,91,1,4.05
371,Baturaja,ID,2021-06-23 16:06:59,-4.1333,104.1667,73.49,99,100,1.74
372,Igarka,RU,2021-06-23 16:03:46,67.4667,86.5833,46.99,74,100,7.45
373,Betioky,MG,2021-06-23 16:07:00,-23.7167,44.3833,67.86,39,1,4.18
374,Murakami,JP,2021-06-23 16:07:01,38.2333,139.4833,63.63,97,97,2.46
375,Santa Rosa,PH,2021-06-23 16:02:10,14.3122,121.1114,79.11,89,100,4.65
376,Yagodnoye,RU,2021-06-23 16:07:02,62.55,149.6667,48.24,85,100,1.28
377,Shimoda,JP,2021-06-23 16:07:03,34.6667,138.95,72.16,88,14,9.17
378,Cornereva,RO,2021-06-23 16:07:03,45.0667,22.4167,82.2,51,0,6.17
379,Kokkola,FI,2021-06-23 16:07:05,63.8385,23.1307,62.76,91,0,11.5
380,Aktau,KZ,2021-06-23 16:06:20,43.65,51.2,88.38,26,76,1.97
381,Sabanalarga,CO,2021-06-23 16:07:07,10.6296,-74.9206,83.07,59,98,6.55
382,Toora-Khem,RU,2021-06-23 16:07:07,52.4675,96.11,47.75,98,92,3.47
383,Kiwira,TZ,2021-06-23 16:07:08,-9.1667,33.5333,57.31,94,46,3.47
384,Beloha,MG,2021-06-23 16:07:09,-25.1667,45.05,66.27,62,0,8.59
385,Ocos,GT,2021-06-23 16:07:11,14.5094,-92.1933,84.7,86,100,13.31
386,Novikovo,RU,2021-06-23 16:07:11,51.1537,37.8879,81.43,71,100,4.16
387,Kahului,US,2021-06-23 16:07:12,20.8947,-156.47,76.84,80,20,5.75
388,Cabo San Lucas,MX,2021-06-23 16:07:13,22.8909,-109.9124,88.81,54,20,3.44
389,Sharhorod,UA,2021-06-23 16:07:14,48.7383,28.085,84.83,78,85,7.4
390,Pumiao,CN,2021-06-23 16:07:16,22.75,108.4833,78.71,95,100,6.71
391,Denpasar,ID,2021-06-23 16:03:53,-8.65,115.2167,82.06,89,75,16.11
392,Zarinsk,RU,2021-06-23 16:07:18,53.7074,84.9493,49.84,93,58,7.25
393,Joensuu,FI,2021-06-23 16:03:49,62.6012,29.7632,84.69,54,50,11.5
394,Memari,IN,2021-06-23 16:07:20,23.2,88.1167,85.93,78,78,10.76
395,Iwaki,JP,2021-06-23 16:07:20,37.05,140.8833,67.77,90,90,1.01
396,Vredendal,ZA,2021-06-23 16:07:21,-31.6683,18.5012,59.31,67,98,8.59
397,Khed,IN,2021-06-23 16:07:23,17.7167,73.3833,79.57,85,98,1.77
398,Gazli,UZ,2021-06-23 16:07:25,40.1333,63.45,87.15,13,0,10.8
399,Lillooet,CA,2021-06-23 16:07:27,50.6856,-121.942,80.15,50,21,1.1
400,Conceicao Do Araguaia,BR,2021-06-23 16:07:37,-8.2578,-49.2647,91.81,39,57,3.42
401,Turukhansk,RU,2021-06-23 16:03:27,65.8167,87.9833,51.87,74,100,11.79
402,Yakymivka,UA,2021-06-23 16:03:56,46.6897,35.1536,77.92,69,89,4.36
403,Bambous Virieux,MU,2021-06-23 16:07:41,-20.3428,57.7575,68.22,59,5,15.79
404,Hoquiam,US,2021-06-23 16:07:43,46.9809,-123.8893,59.45,65,75,6.91
405,Nantucket,US,2021-06-23 16:07:43,41.2835,-70.0995,71.26,57,1,14.97
406,Tongren,CN,2021-06-23 16:07:44,27.7172,109.1853,74.05,81,93,2.26
407,Cernesti,RO,2021-06-23 16:07:47,47.5167,23.75,92.82,67,5,4.0
408,Barra Do Garcas,BR,2021-06-23 16:07:48,-15.89,-52.2567,92.68,23,2,8.59
409,Ngaoundere,CM,2021-06-23 16:07:50,7.3167,13.5833,73.06,74,88,3.04
410,Neuquen,AR,2021-06-23 16:03:40,-38.9516,-68.0591,52.45,72,100,3.29
411,Abu Samrah,SY,2021-06-23 16:07:52,35.3029,37.1841,86.5,30,0,14.43
412,Atasu,KZ,2021-06-23 16:07:53,48.6814,71.6433,57.61,81,100,13.4
413,Camocim,BR,2021-06-23 16:07:54,-2.9022,-40.8411,88.52,51,0,9.84
414,Buraydah,SA,2021-06-23 16:07:55,26.326,43.975,99.97,8,1,9.22
415,Aksu,CN,2021-06-23 16:07:56,41.1231,80.2644,77.54,28,24,8.75
416,Karwar,IN,2021-06-23 16:07:57,14.8,74.1333,79.36,82,86,5.91
417,Bubaque,GW,2021-06-23 16:07:58,11.2833,-15.8333,80.87,80,24,11.27
418,Sisimiut,GL,2021-06-23 16:07:58,66.9395,-53.6735,45.34,83,100,35.77
419,Aswan,EG,2021-06-23 16:08:01,24.0934,32.907,104.5,10,1,12.97
420,Taixing,CN,2021-06-23 16:08:02,32.1667,120.0136,82.0,56,100,4.0
421,Cartagena,CO,2021-06-23 16:08:03,10.3997,-75.5144,83.82,84,75,8.05
422,Xam Nua,LA,2021-06-23 16:08:03,20.4197,104.0439,70.21,90,100,2.44
423,Cidreira,BR,2021-06-23 16:08:04,-30.1811,-50.2056,63.09,82,84,16.62
424,Porto Nacional,BR,2021-06-23 16:04:43,-10.7081,-48.4172,93.2,27,13,5.91
425,Kapoeta,SS,2021-06-23 16:08:06,4.7717,33.5903,86.34,33,45,11.65
426,Ajdabiya,LY,2021-06-23 16:08:06,30.7554,20.2263,92.86,27,0,18.95
427,Codrington,AU,2021-06-23 16:08:07,-38.2667,141.9667,48.69,95,43,10.36
428,Ostrovnoy,RU,2021-06-23 16:08:07,68.0531,39.5131,43.43,86,99,10.49
429,Richards Bay,ZA,2021-06-23 16:08:08,-28.783,32.0377,65.35,61,12,2.59
430,Fez,MA,2021-06-23 16:06:20,34.0372,-4.9998,88.05,21,0,5.75
431,Sinnamary,GF,2021-06-23 16:08:09,5.3833,-52.95,82.45,60,67,7.49
432,Ucluelet,CA,2021-06-23 16:08:10,48.9329,-125.5528,55.09,92,82,5.73
433,Pisco,PE,2021-06-23 16:08:10,-13.7,-76.2167,69.85,68,90,8.05
434,Djibo,BF,2021-06-23 16:08:11,14.1022,-1.6306,99.75,24,23,11.5
435,Tessalit,ML,2021-06-23 16:08:12,20.1986,1.0114,108.23,7,29,13.13
436,Evensk,RU,2021-06-23 16:08:12,61.95,159.2333,45.52,84,74,3.51
437,North Vernon,US,2021-06-23 16:08:13,39.0062,-85.6236,74.39,46,51,8.32
438,Elat,IL,2021-06-23 16:08:13,29.5581,34.9482,98.44,19,0,18.41
439,Amqui,CA,2021-06-23 16:08:14,48.4638,-67.4313,59.14,45,16,13.31
440,Kalabo,ZM,2021-06-23 16:08:14,-14.97,22.6814,68.79,35,4,3.44
441,Puerto Maldonado,PE,2021-06-23 16:03:16,-12.6,-69.1833,84.99,52,67,4.38
442,Houston,US,2021-06-23 16:06:38,29.7633,-95.3633,90.91,79,75,5.01
443,Frontera,MX,2021-06-23 16:08:16,26.9333,-101.45,82.33,76,40,0.0
444,Oranjemund,NA,2021-06-23 16:08:17,-28.55,16.4333,58.78,76,0,9.8
445,Baghmara,IN,2021-06-23 16:08:18,23.795,86.2085,83.97,72,73,8.99
446,Santa Isabel,BR,2021-06-23 16:08:18,-23.3156,-46.2214,66.65,57,71,8.61
447,Anapolis,BR,2021-06-23 16:04:17,-16.3267,-48.9528,81.07,30,0,9.19
448,Wajima,JP,2021-06-23 16:08:20,37.4,136.9,64.87,83,45,1.95
449,Harper,LR,2021-06-23 16:08:20,4.375,-7.7169,76.93,89,100,8.39
450,Altay,CN,2021-06-23 16:08:21,47.8667,88.1167,49.8,70,73,4.54
451,Ada,US,2021-06-23 16:08:21,43.4166,-116.1262,75.74,55,1,7.0
452,Adre,TD,2021-06-23 16:08:22,13.4667,22.2,85.89,38,100,14.54
453,Lufilufi,WS,2021-06-23 16:08:23,-13.8745,-171.5986,76.78,78,95,14.79
454,Manado,ID,2021-06-23 16:08:23,1.487,124.8455,74.17,100,20,2.3
455,Phuket,TH,2021-06-23 16:07:22,8.0,98.25,87.01,81,20,5.75
456,Lahat,ID,2021-06-23 16:08:24,-3.8,103.5333,73.06,98,100,2.06
457,Puerto Ayacucho,VE,2021-06-23 16:08:25,5.6639,-67.6236,79.7,77,93,5.19
458,Paita,PE,2021-06-23 16:08:26,-5.0892,-81.1144,73.96,70,20,10.18
459,Gorgan,IR,2021-06-23 16:05:50,36.8387,54.4348,85.96,51,0,11.5
460,Kasli,RU,2021-06-23 16:08:27,55.8909,60.7616,59.18,71,1,2.64
461,Taoudenni,ML,2021-06-23 16:08:27,22.6783,-3.9836,113.81,6,1,9.73
462,Kamaishi,JP,2021-06-23 16:08:28,39.2667,141.8833,61.59,92,98,5.77
463,Henties Bay,NA,2021-06-23 16:08:29,-22.116,14.2845,60.85,79,1,13.73
464,Upernavik,GL,2021-06-23 16:08:29,72.7868,-56.1549,49.84,45,0,7.67
465,Kamariotissa,GR,2021-06-23 16:08:30,40.4833,25.4667,86.05,69,0,1.74
466,Qadian,IN,2021-06-23 16:08:30,31.8178,75.3919,94.68,14,22,4.47
467,Santa Maria,BR,2021-06-23 16:06:44,-29.6842,-53.8069,59.99,80,100,6.58
468,Celestun,MX,2021-06-23 16:08:31,20.8667,-90.4,87.62,62,92,8.48
469,Castelbuono,IT,2021-06-23 16:08:33,37.932,14.0886,98.67,46,53,2.26
470,Ilhabela,BR,2021-06-23 16:08:34,-23.7781,-45.3581,69.08,76,74,6.02
471,San Patricio,US,2021-06-23 16:04:50,28.017,-97.5169,86.09,59,2,9.95
472,Gravdal,NO,2021-06-23 16:08:37,68.1214,13.5031,56.88,76,75,13.8
473,La Plata,AR,2021-06-23 16:04:00,-34.9215,-57.9545,61.99,82,71,10.51
474,Ratnagiri,IN,2021-06-23 16:08:39,16.9833,73.3,81.0,80,99,5.39
475,Kupang,ID,2021-06-23 16:08:40,-10.1667,123.5833,76.48,89,56,6.73
476,Shorewood,US,2021-06-23 16:08:41,41.52,-88.2017,68.25,77,90,9.22
477,Abu Dhabi,AE,2021-06-23 16:07:44,24.4667,54.3667,98.71,66,0,9.22
478,Poyarkovo,RU,2021-06-23 16:08:44,49.6,128.6833,60.06,93,61,2.42
479,Rio Claro,BR,2021-06-23 16:08:45,-22.4114,-47.5614,79.79,41,42,6.17
480,Mulege,MX,2021-06-23 16:08:46,26.8833,-111.9833,87.98,39,5,1.48
481,Creve Coeur,US,2021-06-23 16:08:46,38.6609,-90.4226,79.92,45,20,8.01
482,Tual,ID,2021-06-23 16:08:47,-5.6667,132.75,81.68,76,36,7.45
483,Korla,CN,2021-06-23 16:08:47,41.7597,86.1469,77.54,26,2,8.41
484,La Macarena,CO,2021-06-23 16:08:48,2.1837,-73.7849,75.97,88,100,3.4
485,Salym,RU,2021-06-23 16:08:49,60.0625,71.4789,45.46,72,69,5.86
486,Glace Bay,CA,2021-06-23 16:08:49,46.1969,-59.957,70.9,92,100,10.0
487,Verkhnyaya Inta,RU,2021-06-23 16:08:50,65.9811,60.3094,65.05,55,69,1.97
488,Flin Flon,CA,2021-06-23 16:08:51,54.7682,-101.865,62.44,72,75,9.22
489,Tiznit,MA,2021-06-23 16:08:51,29.5833,-9.5,71.73,54,0,11.81
490,Port Hardy,CA,2021-06-23 16:08:52,50.6996,-127.4199,55.58,88,90,3.44
491,Ilo,PE,2021-06-23 16:08:53,-17.6394,-71.3375,65.26,77,90,8.05
492,Pyaozerskiy,RU,2021-06-23 16:08:54,65.8333,31.1667,63.52,76,100,7.9
493,Sungaipenuh,ID,2021-06-23 16:08:55,-2.0833,101.3833,63.09,98,88,3.27
494,Eureka,US,2021-06-23 16:07:25,40.8021,-124.1637,59.2,88,3,1.01
495,Ozerki,RU,2021-06-23 16:08:56,57.6167,39.8833,89.62,45,0,4.47
496,Guangyuan,CN,2021-06-23 16:08:57,32.442,105.823,73.44,84,60,3.44
497,Catio,GW,2021-06-23 16:08:58,11.2833,-15.25,89.17,55,49,11.27
498,Tomatlan,MX,2021-06-23 16:09:00,19.9333,-105.25,82.18,75,100,1.21
499,Astana,KZ,2021-06-23 16:05:25,51.1801,71.446,57.15,51,0,13.42
500,Kerouane,GN,2021-06-23 16:09:01,9.2667,-9.0167,87.71,49,100,5.08
501,Novovasylivka,UA,2021-06-23 16:09:02,46.8315,35.7536,78.22,68,84,5.06
502,Brus Laguna,HN,2021-06-23 16:09:02,15.75,-84.4833,90.52,49,82,7.87
503,Sao Jose Da Coroa Grande,BR,2021-06-23 16:09:04,-8.8978,-35.1478,81.07,67,60,10.51
504,Lompoc,US,2021-06-23 16:09:06,34.6391,-120.4579,69.57,82,90,0.0
505,Sorland,NO,2021-06-23 16:09:06,67.667,12.6934,55.47,84,100,15.17
506,Shimanovsk,RU,2021-06-23 16:09:08,52.0,127.7,63.79,95,95,2.39
507,Elko,US,2021-06-23 16:09:09,41.0002,-115.5012,74.73,36,84,5.01
508,Palu,ID,2021-06-23 16:09:10,-0.8917,119.8707,75.42,94,55,3.09
509,Aleksandrovsk,RU,2021-06-23 16:09:10,59.158,57.5624,67.8,43,4,2.73
510,Dubbo,AU,2021-06-23 16:09:11,-32.25,148.6167,53.73,94,90,0.0
511,Camapua,BR,2021-06-23 16:09:13,-19.5314,-54.0439,91.35,26,19,10.07
512,Rawson,AR,2021-06-23 16:09:14,-43.3002,-65.1023,56.34,66,81,25.43
513,Orumiyeh,IR,2021-06-23 16:06:11,37.5527,45.0761,84.0,20,0,5.14
514,Iacu,BR,2021-06-23 16:09:15,-12.7672,-40.2117,87.1,37,77,6.38
515,Owasso,US,2021-06-23 16:09:16,36.2695,-95.8547,82.06,65,1,10.0
516,Portales,US,2021-06-23 16:08:05,34.1862,-103.3344,90.28,30,16,1.99
517,Kikwit,CD,2021-06-23 16:09:18,-5.041,18.8162,90.36,25,59,4.85
518,Eyl,SO,2021-06-23 16:09:19,7.9803,49.8164,78.06,77,92,21.7
519,Dombegyhaz,HU,2021-06-23 16:09:20,46.3333,21.1333,97.9,20,0,6.93
520,Qeshm,IR,2021-06-23 16:09:21,26.9581,56.2719,94.87,75,0,6.22
521,Inuvik,CA,2021-06-23 16:09:23,68.3499,-133.7218,54.32,59,9,2.82
522,Hassleholm,SE,2021-06-23 16:09:25,56.1591,13.7664,75.34,60,99,10.47
523,Tripoli,LY,2021-06-23 16:09:26,32.8752,13.1875,92.77,43,3,15.14
524,Rundu,NA,2021-06-23 16:09:26,-17.9333,19.7667,66.15,30,0,4.16
525,Neya,RU,2021-06-23 16:09:27,58.2972,43.8681,84.42,52,0,3.44
526,Alugan,PH,2021-06-23 16:09:28,12.2188,125.4808,80.17,85,100,8.55
527,Chara,RU,2021-06-23 16:05:32,56.9064,118.2631,58.87,75,66,1.5
528,Cartagena Del Chaira,CO,2021-06-23 16:09:30,1.3349,-74.8429,78.06,83,98,2.8
529,Epe,NG,2021-06-23 16:09:31,6.5841,3.9834,79.5,81,100,6.87
530,Alyangula,AU,2021-06-23 16:09:31,-13.8483,136.4192,74.79,89,31,6.17
531,Tigil,RU,2021-06-23 16:09:33,57.8,158.6667,47.19,87,100,3.44
532,Nemuro,JP,2021-06-23 16:09:33,43.3236,145.575,50.74,95,70,7.0
533,Meulaboh,ID,2021-06-23 16:09:34,4.1363,96.1285,78.08,77,99,3.22
534,Olivenza,ES,2021-06-23 16:09:34,38.6832,-7.103,85.32,23,3,5.59
535,Sayyan,YE,2021-06-23 16:09:35,15.1718,44.3244,73.38,24,95,10.94
536,Acapulco,MX,2021-06-23 16:07:36,16.8634,-99.8901,85.82,70,75,5.75
537,Fare,PF,2021-06-23 16:09:36,-16.7,-151.0167,79.79,72,8,10.29
538,Wilmington,US,2021-06-23 16:05:27,34.2257,-77.9447,81.93,61,20,14.97
539,Nogent-Le-Rotrou,FR,2021-06-23 16:07:10,48.3333,1.0,60.85,72,100,12.19
540,Ketchikan,US,2021-06-23 16:09:38,55.3422,-131.6461,54.05,89,100,0.6
541,Rockingham,US,2021-06-23 16:09:38,42.9668,-71.0995,71.94,47,0,1.01
542,High Level,CA,2021-06-23 16:09:39,58.5169,-117.136,63.23,46,13,7.9
543,Constitucion,CL,2021-06-23 16:09:39,-35.3333,-72.4167,53.91,85,89,3.91
544,Vestmannaeyjar,IS,2021-06-23 16:09:40,63.4427,-20.2734,59.99,47,0,16.11
545,Leningradskaya,RU,2021-06-23 16:07:22,46.3214,39.3877,83.57,58,6,5.46
546,Churapcha,RU,2021-06-23 16:09:41,62.0025,132.4325,64.35,64,91,5.32
547,Si Satchanalai,TH,2021-06-23 16:09:42,17.5169,99.7598,80.38,74,100,4.76
548,Lillesand,NO,2021-06-23 16:09:43,58.2488,8.3778,68.34,68,0,8.05
549,Calabar,NG,2021-06-23 16:09:43,4.9517,8.322,79.61,79,92,2.89
550,Sambava,MG,2021-06-23 16:09:44,-14.2667,50.1667,72.63,72,0,13.8
551,Vanavara,RU,2021-06-23 16:09:44,60.34,102.2797,57.92,70,57,4.36
552,Laishevo,RU,2021-06-23 16:09:46,55.4046,49.5504,86.22,75,73,8.79
553,Conde,BR,2021-06-23 16:09:47,-7.2597,-34.9075,83.66,70,40,13.8
